keys,it,en,es
GAME_TITLE,Le Tavole di Ashan,The Tablets of Ashan,Las Tablas de Ashan
TAGLINE,Un puzzle dimenticato attende,A forgotten puzzle awaits,Un enigma olvidado aguarda
BTN_START,Inizia,Begin,Comenzar
BTN_QUIT,Esci,Quit,Salir
BTN_BACK_MENU,< Menu,< Menu,< Menú
BTN_SETTINGS,Impostazioni,Settings,Ajustes
SETTINGS_TITLE,Impostazioni,Settings,Ajustes
SETTINGS_MUSIC_VOLUME,Volume musica,Music Volume,Volumen de música
SETTINGS_SFX_VOLUME,Volume effetti,SFX Volume,Volumen de efectos
SETTINGS_BACK,< Indietro,< Back,< Volver
BTN_BACK_CHAPTERS,< Capitoli,< Chapters,< Capítulos
BTN_BACK_MAP,< Mappa,< Map,< Mapa
BTN_NEXT,Avanti →,Next →,Siguiente →
HINT_LABEL_FREE,"Hint (Gratis %d/%d)","Hint (Free %d/%d)","Pista (Gratis %d/%d)"
HINT_LABEL_COST,Hint (20 ✦),Hint (20 ✦),Pista (20 ✦)
HUD_MOVES,"Mosse: %d","Moves: %d","Movimientos: %d"
LEVEL_COMPLETE_TITLE,Livello completato!,Level Complete!,¡Nivel Completado!
CHAPTER_COMPLETE_TITLE,Capitolo completato!,Chapter Complete!,¡Capítulo Completado!
OVERLAY_MOVES_PAR,"Mosse: %d  ·  Par: %d","Moves: %d  ·  Par: %d","Movimientos: %d  ·  Par: %d"
COINS_EARNED,"+ %d monete","+ %d coins","+ %d monedas"
PROGRESS_LABEL,"%d/%d livelli  ·  %d/%d stelle","%d/%d levels  ·  %d/%d stars","%d/%d niveles  ·  %d/%d estrellas"
CHAPTER_1_TITLE,Il Risveglio,The Awakening,El Despertar
CHAPTER_2_TITLE,"L'Età dei Costruttori",The Age of Builders,La Era de los Constructores
CHAPTER_3_TITLE,La Prima Crepa,The First Crack,La Primera Grieta
CHAPTER_4_TITLE,Il Silenzio,The Silence,El Silencio
CHAPTER_5_TITLE,Ciò Che Dimora,That Which Dwells,Lo Que Mora
CHAPTER_6_TITLE,"L'Ultimo Archivista",The Last Archivist,El Último Archivista
LEVEL_1_1_TITLE,La Soglia,The Threshold,El Umbral
LEVEL_1_2_TITLE,Polvere Prima,Primordial Dust,Polvo Primigenio
LEVEL_1_3_TITLE,Il Primo Frammento,The First Fragment,El Primer Fragmento
LEVEL_1_4_TITLE,Il Sigillo Spezzato,The Broken Seal,El Sello Roto
LEVEL_1_5_TITLE,Voci di Pietra,Voices of Stone,Voces de Piedra
LEVEL_1_6_TITLE,Il Corridoio Sommerso,The Sunken Corridor,El Corredor Sumergido
LEVEL_1_7_TITLE,Frammenti di un Nome,Fragments of a Name,Fragmentos de un Nombre
LEVEL_1_8_TITLE,La Lampada Spenta,The Extinguished Lamp,La Lámpara Apagada
LEVEL_1_9_TITLE,Ciò Che Rimase,What Remained,Lo Que Quedó
LEVEL_1_10_TITLE,Il Margine del Foglio,The Edge of the Page,El Margen del Pergamino
LEVEL_1_11_TITLE,Eco Senza Origine,Echo Without Origin,Eco Sin Origen
LEVEL_1_12_TITLE,La Prima Tavola,The First Tablet,La Primera Tabla
LEVEL_2_1_TITLE,Il Primo Calcolo,The First Reckoning,El Primer Cálculo
LEVEL_2_2_TITLE,"Linee nell'Oscurità",Lines in the Dark,Líneas en la Oscuridad
LEVEL_2_3_TITLE,Fondamenta Invisibili,Invisible Foundations,Cimientos Invisibles
LEVEL_2_4_TITLE,La Simmetria Perfetta,The Perfect Symmetry,La Simetría Perfecta
LEVEL_2_5_TITLE,Angoli che Non Esistono,Angles That Do Not Exist,Ángulos que No Existen
LEVEL_2_6_TITLE,Il Teorema Sepolto,The Buried Theorem,El Teorema Sepultado
LEVEL_2_7_TITLE,Colonne senza Peso,Weightless Columns,Columnas sin Peso
LEVEL_2_8_TITLE,"L'Arco Impossibile",The Impossible Arch,El Arco Imposible
LEVEL_2_9_TITLE,Geometria del Vuoto,Geometry of the Void,Geometría del Vacío
LEVEL_2_10_TITLE,Il Cerchio che Non si Chiude,The Circle That Never Closes,El Círculo que No se Cierra
LEVEL_2_11_TITLE,Misure Oltre il Reale,Measures Beyond the Real,Medidas Más Allá de lo Real
LEVEL_2_12_TITLE,La Mappa dei Costruttori,"The Builders' Chart",El Mapa de los Constructores
LEVEL_2_13_TITLE,Proporzioni Dimenticate,Forgotten Proportions,Proporciones Olvidadas
LEVEL_2_14_TITLE,Il Vertice più Alto,The Highest Vertex,El Vértice más Alto
LEVEL_2_15_TITLE,Dove Convergono le Rette,Where the Lines Converge,Donde Convergen las Líneas
LEVEL_2_16_TITLE,"L'Equazione Mancante",The Missing Equation,La Ecuación Ausente
LEVEL_2_17_TITLE,Pietre che Ricordano,Stones That Remember,Piedras que Recuerdan
LEVEL_2_18_TITLE,Il Progetto Infinito,The Infinite Design,El Designio Infinito
LEVEL_2_19_TITLE,"L'Ultimo Pilastro",The Last Pillar,El Último Pilar
LEVEL_2_20_TITLE,La Perfezione Incompiuta,Unfinished Perfection,La Perfección Inconclusa
LEVEL_3_1_TITLE,Incrinatura,Hairline Crack,La Grieta
LEVEL_3_2_TITLE,Il Dubbio Geometrico,The Geometric Doubt,La Duda Geométrica
LEVEL_3_3_TITLE,Polvere tra le Giunture,Dust Between the Joints,Polvo Entre las Juntas
LEVEL_3_4_TITLE,La Linea che Devia,The Line That Strays,La Línea que Desvía
LEVEL_3_5_TITLE,Corrosione Lenta,Slow Corrosion,Corrosión Lenta
LEVEL_3_6_TITLE,Segni sul Margine,Marks at the Margin,Señales en el Margen
LEVEL_3_7_TITLE,"L'Angolo Eroso",The Eroded Corner,El Ángulo Erosionado
LEVEL_3_8_TITLE,Frattura Sottile,The Hairline Fracture,La Fractura Sutil
LEVEL_3_9_TITLE,Dove il Muro Cede,Where the Wall Yields,Donde Cede el Muro
LEVEL_3_10_TITLE,Il Calcolo Sbagliato,The Flawed Calculation,El Cálculo Errado
LEVEL_3_11_TITLE,Crepe nel Fondamento,Cracks in the Foundation,Grietas en los Cimientos
LEVEL_3_12_TITLE,La Nota Stonata,The Discordant Note,La Nota Disonante
LEVEL_3_13_TITLE,Simmetria Spezzata,Broken Symmetry,Simetría Rota
LEVEL_3_14_TITLE,"Il Peso dell'Errore",The Weight of Error,El Peso del Error
LEVEL_3_15_TITLE,Cedimento Silenzioso,Silent Collapse,Colapso Silencioso
LEVEL_3_16_TITLE,Quello che Non Torna,What Does Not Add Up,Lo que No Encaja
LEVEL_3_17_TITLE,"L'Ombra nella Struttura",The Shadow in the Structure,La Sombra en la Estructura
LEVEL_3_18_TITLE,La Crepa si Allarga,The Crack Widens,La Grieta se Ensancha
LEVEL_3_19_TITLE,Prima del Crollo,Before the Collapse,Antes del Derrumbe
LEVEL_3_20_TITLE,Il Punto di Rottura,The Breaking Point,El Punto de Quiebre
LEVEL_4_1_TITLE,Stanze Vuote,Empty Chambers,Cámaras Vacías
LEVEL_4_2_TITLE,"L'Eco Spento",The Faded Echo,El Eco Apagado
LEVEL_4_3_TITLE,Nessuno Risponde,No One Answers,Nadie Responde
LEVEL_4_4_TITLE,Polvere Immobile,Still Dust,Polvo Inmóvil
LEVEL_4_5_TITLE,Il Peso del Nulla,The Weight of Nothing,El Peso de la Nada
LEVEL_4_6_TITLE,Corridoi Deserti,Deserted Corridors,Corredores Desiertos
LEVEL_4_7_TITLE,"L'Ultima Voce",The Last Voice,La Última Voz
LEVEL_4_8_TITLE,Dove Tutto Tacque,Where All Fell Silent,Donde Todo Enmudeció
LEVEL_4_9_TITLE,Assenza di Orme,Absence of Footprints,Ausencia de Huellas
LEVEL_4_10_TITLE,Il Silenzio tra le Pagine,The Silence Between Pages,El Silencio Entre las Páginas
LEVEL_4_11_TITLE,Cenere Fredda,Cold Ash,Ceniza Fría
LEVEL_4_12_TITLE,La Biblioteca Muta,The Mute Library,La Biblioteca Muda
LEVEL_4_13_TITLE,Senza Respiro,Without Breath,Sin Aliento
LEVEL_4_14_TITLE,Il Vuoto Risponde,The Void Answers,El Vacío Responde
LEVEL_4_15_TITLE,Ombre senza Corpo,Shadows Without Form,Sombras sin Cuerpo
LEVEL_4_16_TITLE,"L'Archivio Dimenticato",The Forgotten Archive,El Archivo Olvidado
LEVEL_4_17_TITLE,La Stanza Sigillata,The Sealed Chamber,La Cámara Sellada
LEVEL_4_18_TITLE,Nomi Cancellati,Erased Names,Nombres Borrados
LEVEL_4_19_TITLE,La Quiete Prima,The Stillness Before,La Quietud Anterior
LEVEL_4_20_TITLE,"L'Ultimo Suono",The Last Sound,El Último Sonido
LEVEL_5_1_TITLE,Sotto le Fondamenta,Beneath the Foundations,Bajo los Cimientos
LEVEL_5_2_TITLE,Il Respiro nel Buio,The Breath in the Dark,El Aliento en la Oscuridad
LEVEL_5_3_TITLE,Forma senza Nome,Form Without Name,Forma sin Nombre
LEVEL_5_4_TITLE,Ciò che Non Dorme,That Which Does Not Sleep,Lo que No Duerme
LEVEL_5_5_TITLE,Occhi nel Profondo,Eyes in the Deep,Ojos en lo Profundo
LEVEL_5_6_TITLE,"L'Odore dell'Abisso",The Scent of the Abyss,El Olor del Abismo
LEVEL_5_7_TITLE,Geometrie Viventi,Living Geometries,Geometrías Vivientes
LEVEL_5_8_TITLE,Il Muro che Pulsa,The Wall That Pulses,El Muro que Pulsa
LEVEL_5_9_TITLE,Sussurri dalla Pietra,Whispers from the Stone,Susurros de la Piedra
LEVEL_5_10_TITLE,"Tentacoli d'Inchiostro",Tentacles of Ink,Tentáculos de Tinta
LEVEL_5_11_TITLE,La Cosa Sepolta,The Buried Thing,La Cosa Enterrada
LEVEL_5_12_TITLE,Ombre che si Muovono,Shadows That Move,Sombras que se Mueven
LEVEL_5_13_TITLE,"L'Architettura Respira",The Architecture Breathes,La Arquitectura Respira
LEVEL_5_14_TITLE,Dove la Luce Non Arriva,Where the Light Does Not Reach,Donde la Luz No Llega
LEVEL_5_15_TITLE,Il Nome Impronunciabile,The Unpronounceable Name,El Nombre Impronunciable
LEVEL_5_16_TITLE,Carne di Pietra,Flesh of Stone,Carne de Piedra
LEVEL_5_17_TITLE,La Porta che Chiama,The Door That Calls,La Puerta que Llama
LEVEL_5_18_TITLE,Al di Là del Muro,Beyond the Wall,Más Allá del Muro
LEVEL_5_19_TITLE,Il Richiamo dal Basso,The Calling from Below,El Llamado desde Abajo
LEVEL_6_1_TITLE,"L'Ultimo Corridoio",The Final Corridor,El Último Corredor
LEVEL_6_2_TITLE,La Tavola Finale,The Final Tablet,La Tabla Final
LEVEL_6_3_TITLE,Verità Insopportabile,Unbearable Truth,Verdad Insoportable
LEVEL_6_4_TITLE,"Il Compito dell'Archivista","The Archivist's Task",La Tarea del Archivista
LEVEL_6_5_TITLE,Ogni Frammento al Suo Posto,Every Fragment in Its Place,Cada Fragmento en Su Lugar
LEVEL_6_6_TITLE,Il Peso della Conoscenza,The Weight of Knowledge,El Peso del Conocimiento
LEVEL_6_7_TITLE,La Memoria Completa,The Complete Memory,La Memoria Completa
LEVEL_6_8_TITLE,"Ciò che l'Archivio Nasconde",What the Archive Conceals,Lo que el Archivo Oculta
LEVEL_6_9_TITLE,Il Prezzo del Sapere,The Price of Knowing,El Precio del Saber
LEVEL_6_10_TITLE,"Oltre l'Ultima Pagina",Beyond the Last Page,"Más Allá de la Última Página"
LEVEL_6_11_TITLE,"La Scelta dell'Archivista","The Archivist's Choice","La Elección del Archivista"
LEVEL_6_12_TITLE,Il Cerchio si Chiude,The Circle Closes,El Círculo se Cierra
LEVEL_6_13_TITLE,Dove Tutto Convergeva,Where All Things Converged,Donde Todo Convergía
LEVEL_6_14_TITLE,"L'Ordine Ritrovato",Order Reclaimed,El Orden Recuperado
LEVEL_6_15_TITLE,La Verità delle Tavole,The Truth of the Tablets,La Verdad de las Tablas
LEVEL_6_16_TITLE,Il Sigillo Definitivo,The Final Seal,El Sello Definitivo
LEVEL_6_17_TITLE,"L'Archivista Ricorda",The Archivist Remembers,El Archivista Recuerda
LEVEL_6_18_TITLE,La Fine della Polvere,The End of Dust,El Fin del Polvo
LEVEL_6_19_TITLE,"L'Ultima Tavola di Ashan",The Last Tablet of Ashan,La Última Tabla de Ashan
LEVEL_6_20_TITLE,Ciò che Non Doveva Essere Trovato,What Should Not Have Been Found,Lo que No Debía Ser Hallado
LEVEL_1_1_DIARY,"Ho ricevuto oggi l'incarico dall'Abate Corrado: catalogare le tavole giunte dall'Oriente con la carovana del mercante Aldric. Diciotto casse di legno scuro, sigillate con cera nera. Le ho aperte con la debita riverenza. Le tavole sono di pietra sottile, incise con segni che non riconosco. Comincio il lavoro con animo sereno.","Today I received my charge from Abbot Corrado: to catalogue the tablets brought from the East by the merchant Aldric's caravan. Eighteen crates of dark wood, sealed with black wax. I opened them with due reverence. The tablets are of thin stone, carved with signs I do not recognise. I begin this work with a tranquil spirit.","Hoy recibí el encargo del Abad Corrado: catalogar las tablas llegadas de Oriente con la caravana del mercader Aldric. Dieciocho cajones de madera oscura, sellados con cera negra. Los abrí con la debida reverencia. Las tablas son de piedra delgada, grabadas con signos que no reconozco. Comienzo el trabajo con ánimo sereno."
LEVEL_1_2_DIARY,"I segni sulle tavole non appartengono ad alcun alfabeto nei codici della nostra biblioteca. Ho consultato Frate Anselmo, che conosce il greco e l'aramaico. Ha scrollato il capo. Tornerò domani con occhi riposati. Il Signore illumina chi persevera.","The signs upon the tablets belong to no alphabet in our library's codices. I consulted Brother Anselmo, who knows Greek and Aramaic. He shook his head. I shall return tomorrow with rested eyes. The Lord illuminates those who persevere.","Los signos de las tablas no pertenecen a ningún alfabeto de los códices de nuestra biblioteca. Consulté al Hermano Anselmo, que conoce el griego y el arameo. Sacudió la cabeza. Volveré mañana con ojos descansados. El Señor ilumina a quien persevera."
LEVEL_1_3_DIARY,"Tredici tavole catalogate. Il lavoro procede con ordine. Ho notato che alcune incisioni sembrano rispondere alle altre — come versetti che si chiamano attraverso le pagine di un salterio. Forse è un testo liturgico di popolo ignoto. Questa ipotesi mi conforta.","Thirteen tablets catalogued. The work proceeds in good order. I have noticed that certain carvings seem to answer one another — like verses calling across the pages of a psalter. Perhaps this is a liturgical text of some unknown people. This hypothesis comforts me.","Trece tablas catalogadas. El trabajo avanza con orden. He notado que algunas inscripciones parecen responderse entre sí — como versículos que se llaman a través de las páginas de un salterio. Quizás sea un texto litúrgico de un pueblo desconocido. Esta hipótesis me reconforta."
LEVEL_1_4_DIARY,"Ho spostato le tavole secondo un ordine che mi sembrava naturale, senza sapere spiegare perché. La mattina dopo le ho trovate nell'ordine originale. Ho interrogato i novizi. Nessuno è entrato nello scriptorium durante la notte.","I arranged the tablets in an order that seemed natural to me, though I could not say why. The following morning I found them restored to their original arrangement. I questioned the novices. No one had entered the scriptorium during the night.","Ordené las tablas según un orden que me pareció natural, sin saber explicar por qué. A la mañana siguiente las encontré en su orden original. Interrogué a los novicios. Nadie había entrado en el scriptorium durante la noche."
LEVEL_1_5_DIARY,"Le proporzioni delle incisioni non seguono alcuna geometria che io conosca. Ho chiamato il Maestro delle Arti per esaminare i rapporti tra i segni. Egli ha misurato a lungo, poi ha posato il compasso e se n'è andato senza parlare. Non l'ho rivisto a cena.","The proportions of the carvings follow no geometry known to me. I summoned the Master of Arts to examine the ratios between the signs. He measured for a long while, then set down his compass and left without speaking. I did not see him at supper.","Las proporciones de las inscripciones no siguen ninguna geometría que conozca. Llamé al Maestro de las Artes para examinar las relaciones entre los signos. Midió durante mucho tiempo, luego posó el compás y se fue sin hablar. No lo vi en la cena."
LEVEL_1_6_DIARY,"Ho dormito nello scriptorium per sorvegliare le tavole. Non è accaduto nulla. Eppure al mattino ero esausto come se avessi camminato per molte ore nel buio. I miei sandali erano polverosi.","I slept in the scriptorium to watch over the tablets. Nothing occurred. And yet by morning I was as exhausted as if I had walked for many hours through the dark. My sandals were dusty.","Dormí en el scriptorium para vigilar las tablas. No ocurrió nada. Sin embargo, por la mañana estaba agotado como si hubiera caminado durante muchas horas en la oscuridad. Mis sandalias estaban cubiertas de polvo."
LEVEL_1_7_DIARY,"Quarantadue tavole classificate. Uso un sistema di mia invenzione, poiché nessun sistema esistente si adatta a questi segni. L'Abate Corrado è soddisfatto dei miei progressi. Non ho ancora trovato le parole per descrivergli ciò che sento quando le tocco.","Forty-two tablets classified. I employ a system of my own devising, as no existing system suits these signs. Abbot Corrado is pleased with my progress. I have not yet found the words to describe to him what I feel when I touch them.","Cuarenta y dos tablas clasificadas. Uso un sistema de mi propia invención, pues ningún sistema existente se adapta a estos signos. El Abad Corrado está satisfecho con mi progreso. Aún no he encontrado las palabras para describirle lo que siento cuando las toco."
LEVEL_1_8_DIARY,"Ho trovato, nell'angolo inferiore di tre tavole diverse, un segno identico. Non è un'incisione — è un'abrasione, come se qualcosa avesse sfregato la pietra dall'interno verso l'esterno. Ho copiato il segno nel mio quaderno. Stanotte non ho dormito bene.","I found, in the lower corner of three separate tablets, an identical mark. It is not a carving — it is an abrasion, as though something had rubbed the stone from the inside outward. I copied the mark into my notebook. I did not sleep well tonight.","Encontré, en la esquina inferior de tres tablas distintas, un signo idéntico. No es una incisión — es una abrasión, como si algo hubiera frotado la piedra desde dentro hacia afuera. Copié el signo en mi cuaderno. Esta noche no dormí bien."
LEVEL_1_9_DIARY,"Ho cercato il mercante Aldric per sapere la provenienza delle casse. Mi è stato detto che è partito la mattina stessa della consegna, prima dell'alba, senza aspettare il pagamento concordato. Nessuno sa dove sia diretto.","I sought out the merchant Aldric to learn the origin of the crates. I was told he had departed on the very morning of delivery, before dawn, without waiting for the agreed payment. No one knows his destination.","Busqué al mercader Aldric para conocer la procedencia de los cajones. Me dijeron que partió la mañana misma de la entrega, antes del alba, sin esperar el pago acordado. Nadie sabe adónde se dirige."
LEVEL_1_10_DIARY,"La cinquantesima tavola è diversa dalle altre. La pietra è più scura, quasi nera, e i segni sono incisi più in profondità. Quando la luce della candela la colpisce di lato, i solchi sembrano più profondi di quanto la pietra dovrebbe permettere. Ho rimesso la tavola nella sua cassa.","The fiftieth tablet differs from the rest. The stone is darker, nearly black, and the signs are carved more deeply. When candlelight strikes it from the side, the grooves appear deeper than the stone ought to permit. I returned the tablet to its crate.","La quincuagésima tabla es diferente de las demás. La piedra es más oscura, casi negra, y los signos están tallados más profundamente. Cuando la luz de la vela la ilumina de lado, los surcos parecen más profundos de lo que la piedra debería permitir. Devolví la tabla a su cajón."
LEVEL_1_11_DIARY,"I novizi mormorano. Dicono che di notte si sentono suoni dallo scriptorium — come il fruscio di pagine che girano, ma in pietra non vi sono pagine. Ho detto loro che è il vento. Credo di aver mentito.","The novices murmur. They say that at night, sounds can be heard from the scriptorium — like the rustle of turning pages, yet there are no pages in stone. I told them it was the wind. I believe I lied.","Los novicios murmuran. Dicen que de noche se escuchan sonidos en el scriptorium — como el susurro de páginas que se vuelven, pero en piedra no hay páginas. Les dije que era el viento. Creo que mentí."
LEVEL_1_12_DIARY,"Ho disposto sul pavimento tutte le tavole catalogate. Viste insieme, i segni formano qualcosa — non so dire cosa. Come guardare le stelle e credere per un momento di vedere un volto. Ho rimesso tutto in ordine prima che qualcuno entrasse.","I laid out all the catalogued tablets upon the floor. Seen together, the signs form something — I cannot say what. Like gazing at the stars and believing, for a moment, that one sees a face. I restored the order before anyone could enter.","Dispuse en el suelo todas las tablas catalogadas. Vistas juntas, los signos forman algo — no sé qué. Como mirar las estrellas y creer por un momento ver un rostro. Lo puse todo en orden antes de que alguien entrara."
LEVEL_1_13_DIARY,"Ho pregato prima di aprire le ultime casse. È la prima volta che sento il bisogno di farlo per un compito di catalogo. Le mie preghiere mi sono sembrate, per la prima volta, molto lontane.","I prayed before opening the final crates. It is the first time I have felt the need to do so for a cataloguing task. My prayers seemed to me, for the first time, very far away.","Recé antes de abrir los últimos cajones. Es la primera vez que siento la necesidad de hacerlo para una tarea de catalogación. Mis oraciones me parecieron, por primera vez, muy lejanas."
LEVEL_1_14_DIARY,"Le tavole sono centoundici. Non settantadue come indicato nel registro del mercante. Non novanta come stimato dall'Abate. Centoundici. Ho contato tre volte.","The tablets number one hundred and eleven. Not seventy-two as noted in the merchant's register. Not ninety as the Abbot estimated. One hundred and eleven. I have counted three times.","Las tablas son ciento once. No setenta y dos como indica el registro del mercader. No noventa como estimó el Abad. Ciento once. Lo he contado tres veces."
LEVEL_1_15_DIARY,"Ho terminato il primo quaderno di note. Rileggendolo, mi accorgo che la mia scrittura è cambiata nelle ultime pagine — più piccola, più inclinata, come se la mano avesse avuto fretta. Non ricordo di aver avuto fretta.","I have filled the first notebook. Reading it back, I notice my handwriting has changed in the final pages — smaller, more slanted, as though the hand had been in haste. I do not remember being in haste.","He terminado el primer cuaderno de notas. Al releerlo, noto que mi escritura cambió en las últimas páginas — más pequeña, más inclinada, como si la mano hubiera tenido prisa. No recuerdo haber tenido prisa."
LEVEL_1_16_DIARY,"L'Abate Corrado mi ha chiesto come procede il lavoro. Gli ho detto: bene. È la risposta giusta. Non saprei spiegare perché senta che qualsiasi altra risposta sarebbe pericolosa — per lui, non per me.","Abbot Corrado asked how the work proceeds. I told him: well. It is the right answer. I could not explain why I sense that any other answer would be dangerous — for him, not for me.","El Abad Corrado me preguntó cómo avanza el trabajo. Le dije: bien. Es la respuesta correcta. No sabría explicar por qué siento que cualquier otra respuesta sería peligrosa — para él, no para mí."
LEVEL_1_17_DIARY,"Frate Tomaso ha guardato le tavole dalla soglia dello scriptorium. Non è entrato. Ha detto solo: «Da dove vengono?» Gli ho risposto: dall'Oriente. Ha annuito e se n'è andato. Quella notte l'ho sentito pregare fino all'alba.","Brother Tomaso looked at the tablets from the threshold of the scriptorium. He did not enter. He said only: 'Where do they come from?' I answered: from the East. He nodded and left. That night I heard him praying until dawn.","El Hermano Tomaso miró las tablas desde el umbral del scriptorium. No entró. Solo dijo: «¿De dónde vienen?» Le respondí: del Oriente. Asintió y se fue. Esa noche lo oí rezar hasta el amanecer."
LEVEL_1_18_DIARY,"Ho abbandonato il mio primo sistema di catalogazione. I segni richiedono un ordine diverso — non alfabetico, non tematico, ma qualcosa che non so ancora nominare. Sento che se trovassi l'ordine giusto, tutto diventerebbe chiaro. Questo pensiero non mi abbandona.","I have abandoned my first cataloguing system. The signs require a different order — neither alphabetical nor thematic, but something I cannot yet name. I feel that if I found the right order, all would become clear. This thought does not leave me.","He abandonado mi primer sistema de catalogación. Los signos requieren un orden diferente — ni alfabético ni temático, sino algo que aún no sé nombrar. Siento que si encontrara el orden correcto, todo se volvería claro. Este pensamiento no me abandona."
LEVEL_1_19_DIARY,"Le foglie nel chiostro sono cadute. Non me ne sono accorto finché non ho guardato fuori dalla finestra e ho visto il pavimento coperto di rosso. Devono essere passate settimane. Il mio quaderno dice che sono passate settimane.","The leaves in the cloister have fallen. I did not notice until I looked out the window and saw the floor covered in red. Weeks must have passed. My notebook says that weeks have passed.","Las hojas del claustro han caído. No me di cuenta hasta que miré por la ventana y vi el suelo cubierto de rojo. Deben haber pasado semanas. Mi cuaderno dice que han pasado semanas."
LEVEL_1_20_DIARY,"Cent'undici tavole. Cent'undici incarichi. Ogni tavola è un pezzo di qualcosa di più grande. Questo lo so adesso con certezza. Quello che non so è se fosse meglio non saperlo.","One hundred and eleven tablets. One hundred and eleven tasks. Each tablet is a piece of something greater. This I now know with certainty. What I do not know is whether it would have been better not to know.","Ciento once tablas. Ciento once encargos. Cada tabla es una pieza de algo más grande. Esto lo sé ahora con certeza. Lo que no sé es si hubiera sido mejor no saberlo."
LEVEL_2_1_DIARY,"Ho ripreso in mano il trattato di Euclide per confrontare le geometrie delle tavole. I rapporti non coincidono con nessuna delle sue proposizioni. Non è che siano sbagliati — è che appartengono a un sistema diverso, coerente in sé, ma fondato su assiomi che non riesco a formulare.","I took up Euclid's treatise again to compare the geometries of the tablets. The ratios correspond to none of his propositions. It is not that they are wrong — it is that they belong to a different system, coherent in itself, yet founded upon axioms I cannot formulate.","Retomé el tratado de Euclides para comparar las geometrías de las tablas. Las proporciones no coinciden con ninguna de sus proposiciones. No es que estén equivocadas — es que pertenecen a un sistema distinto, coherente en sí mismo, pero fundado en axiomas que no logro formular."
LEVEL_2_2_DIARY,"Vi è sulle tavole una figura che assomiglia a un cerchio, ma che, seguita con il dito, non torna mai al punto di partenza. Ho verificato dieci volte. Ogni volta il dito si ritrova in un posto diverso. Ho smesso di verificare.","There is upon the tablets a figure resembling a circle, yet when traced with the finger it never returns to its point of origin. I verified this ten times. Each time the finger arrives at a different place. I have ceased to verify.","Hay en las tablas una figura que se asemeja a un círculo, pero que, seguida con el dedo, nunca regresa al punto de partida. Lo verifiqué diez veces. Cada vez el dedo termina en un lugar distinto. He dejado de verificar."
LEVEL_2_3_DIARY,"L'Abate Corrado vuole vedere i progressi. Gli ho mostrato i quaderni, non le tavole. Mi ha chiesto perché non le avessi portate. Ho detto: sono pesanti. Sono pesanti, ma non è per questo.","Abbot Corrado wishes to see my progress. I showed him the notebooks, not the tablets. He asked why I had not brought them. I said: they are heavy. They are heavy, but that is not the reason.","El Abad Corrado quiere ver los avances. Le mostré los cuadernos, no las tablas. Me preguntó por qué no las había traído. Dije: son pesadas. Son pesadas, pero no es por eso."
LEVEL_2_4_DIARY,"Ho notato che la pietra delle tavole cambia colore a seconda dell'ora del giorno — non per effetto della luce, ma indipendentemente da essa. All'ora nona diventa più scura. All'alba è quasi traslucida. Non ho scritto questo nel catalogo ufficiale.","I have noticed that the stone of the tablets changes colour according to the hour of the day — not by the effect of light, but independently of it. At the ninth hour it grows darker. At dawn it is nearly translucent. I have not recorded this in the official catalogue.","He notado que la piedra de las tablas cambia de color según la hora del día — no por efecto de la luz, sino independientemente de ella. A la hora nona se oscurece. Al amanecer es casi translúcida. No he escrito esto en el catálogo oficial."
LEVEL_2_5_DIARY,"Frate Anselmo è tornato a chiedermi delle tavole. Questa volta non ha guardato i segni — ha guardato me. Ha detto: «Sybelius, stai dormendo?» Gli ho risposto di sì. Era una risposta onesta solo in parte.","Brother Anselmo returned to ask about the tablets. This time he did not look at the signs — he looked at me. He said: 'Sybelius, are you sleeping?' I answered yes. It was an honest answer only in part.","El Hermano Anselmo volvió a preguntarme por las tablas. Esta vez no miró los signos — me miró a mí. Dijo: «Sybelius, ¿estás durmiendo?» Le respondí que sí. Era una respuesta honesta solo en parte."
LEVEL_2_6_DIARY,"Ho identificato tredici segni ricorrenti. Il tredicesimo appare sempre isolato, mai in sequenza con gli altri. Come una parola che non vuole stare in una frase. O come una risposta a una domanda che non è ancora stata posta.","I have identified thirteen recurring signs. The thirteenth always appears in isolation, never in sequence with the others. Like a word that refuses to sit within a sentence. Or like an answer to a question not yet asked.","He identificado trece signos recurrentes. El decimotercero siempre aparece aislado, nunca en secuencia con los demás. Como una palabra que no quiere estar en una frase. O como una respuesta a una pregunta que aún no se ha formulado."
LEVEL_2_7_DIARY,"Ho scritto una lunga lettera al dotto Ibrahim ibn Rashid di Toledo, descrivendo alcune delle geometrie senza menzionare le tavole. La lettera è rimasta sulla mia scrivania per tre giorni. Non l'ho inviata. Non riesco a spiegare perché.","I wrote a long letter to the learned Ibrahim ibn Rashid of Toledo, describing some of the geometries without mentioning the tablets. The letter remained on my desk for three days. I did not send it. I cannot explain why.","Escribí una larga carta al sabio Ibrahim ibn Rashid de Toledo, describiendo algunas de las geometrías sin mencionar las tablas. La carta permaneció en mi escritorio durante tres días. No la envié. No puedo explicar por qué."
LEVEL_2_8_DIARY,"Il novizio Matteo ha pulito lo scriptorium mentre ero assente. Quando sono tornato, lo ho trovato seduto sul pavimento, immobile, con in mano il panno. Non dormiva. Quando l'ho chiamato, si è alzato normalmente e ha detto di non ricordare nulla. L'ho mandato a riposare.","The novice Matteo cleaned the scriptorium during my absence. When I returned, I found him seated on the floor, motionless, cloth in hand. He was not sleeping. When I called his name, he rose normally and said he remembered nothing. I sent him to rest.","El novicio Matteo limpió el scriptorium durante mi ausencia. Cuando regresé, lo encontré sentado en el suelo, inmóvil, con el paño en la mano. No dormía. Cuando lo llamé, se levantó normalmente y dijo que no recordaba nada. Lo mandé a descansar."
LEVEL_2_9_DIARY,"La pietra di queste tavole non è pietra che conosco. Non è marmo, non è basalto, non è ardesia. Quando la batto con un ferro, il suono che produce non si spegne subito — continua, si trasforma, diventa quasi una nota musicale. Ho smesso di batterla.","The stone of these tablets is no stone I know. It is not marble, not basalt, not slate. When struck with iron, the sound it produces does not die quickly — it continues, transforms, becomes almost a musical note. I have stopped striking it.","La piedra de estas tablas no es una piedra que conozca. No es mármol, no es basalto, no es pizarra. Cuando la golpeo con un hierro, el sonido que produce no se apaga enseguida — continúa, se transforma, se convierte casi en una nota musical. He dejado de golpearla."
LEVEL_2_10_DIARY,"Ho tentato di disegnare l'insieme di tutti i segni su un unico grande foglio. Quando ho finito, il disegno era diverso da quello che ricordavo di aver tracciato. Ho bruciato il foglio. Poi mi sono seduto e ho guardato le ceneri per molto tempo.","I attempted to draw the entirety of all signs upon a single large sheet. When I had finished, the drawing was different from what I remembered having traced. I burned the sheet. Then I sat and looked at the ashes for a long while.","Intenté dibujar el conjunto de todos los signos en una sola hoja grande. Cuando terminé, el dibujo era diferente de lo que recordaba haber trazado. Quemé la hoja. Luego me senté y miré las cenizas durante mucho tiempo."
LEVEL_2_11_DIARY,"Vi è un angolo in una delle tavole che, misurato da sinistra, è acuto. Misurato da destra, è ottuso. Misurato al centro, è retto. Ho mostrato questa anomalia al Maestro delle Arti, che se n'è andato senza dire una parola. Non è la prima volta.","There is an angle in one of the tablets which, measured from the left, is acute. Measured from the right, it is obtuse. Measured from the centre, it is right. I showed this anomaly to the Master of Arts, who left without a word. It is not the first time.","Hay un ángulo en una de las tablas que, medido desde la izquierda, es agudo. Medido desde la derecha, es obtuso. Medido desde el centro, es recto. Mostré esta anomalía al Maestro de las Artes, quien se fue sin decir una palabra. No es la primera vez."
LEVEL_2_12_DIARY,"Il vento ululava stanotte intorno al convento. Nello scriptorium, non si sentiva nulla. Nessun vento, nessun suono. Come se le mura non fossero mura, ma qualcos'altro. Ho tenuto la candela accesa tutta la notte. La fiamma non ha mai tremato.","The wind howled last night around the convent. In the scriptorium, nothing could be heard. No wind, no sound. As though the walls were not walls, but something else. I kept the candle burning all night. The flame never wavered.","El viento aulló anoche alrededor del convento. En el scriptorium no se oía nada. Ningún viento, ningún sonido. Como si las paredes no fueran paredes, sino otra cosa. Mantuve la vela encendida toda la noche. La llama nunca tembló."
LEVEL_2_13_DIARY,"Ho trovato un ordine parziale nei segni. Non li capisco ancora, ma riconosco una logica — come sentire la grammatica di una lingua senza conoscerne le parole. Questa comprensione parziale mi riempie di una gioia che non so se chiamare tale.","I have found a partial order in the signs. I do not yet understand them, but I recognise a logic — like hearing the grammar of a language without knowing its words. This partial understanding fills me with a joy I am not sure I should call by that name.","Encontré un orden parcial en los signos. Aún no los comprendo, pero reconozco una lógica — como sentir la gramática de una lengua sin conocer sus palabras. Esta comprensión parcial me llena de una alegría que no sé si llamar así."
LEVEL_2_14_DIARY,"Ho scritto all'Abate una lettera in cui gli chiedevo di far rimuovere le tavole dallo scriptorium. Non l'ho consegnata. La mia mano l'ha scritta, ma qualcosa in me — più profondo della mano — non voleva separarsi da esse.","I wrote to the Abbot asking him to have the tablets removed from the scriptorium. I did not deliver the letter. My hand wrote it, but something within me — deeper than the hand — did not wish to be parted from them.","Escribí al Abad pidiéndole que hiciera retirar las tablas del scriptorium. No entregué la carta. Mi mano la escribió, pero algo en mí — más profundo que la mano — no quería separarse de ellas."
LEVEL_2_15_DIARY,"Ho confrontato le mie note del primo giorno con quelle di oggi. La grafia è la stessa. Le parole sono diverse. Non in quello che descrivono — in come le scelgo. Il primo Sybelius usava parole semplici. Questo Sybelius usa parole che non sapeva di conoscere.","I compared my notes from the first day with those of today. The handwriting is the same. The words are different. Not in what they describe — in how I choose them. The first Sybelius used simple words. This Sybelius uses words he did not know he knew.","Comparé mis notas del primer día con las de hoy. La caligrafía es la misma. Las palabras son diferentes. No en lo que describen — en cómo las elijo. El primer Sybelius usaba palabras simples. Este Sybelius usa palabras que no sabía que conocía."
LEVEL_2_16_DIARY,"Tengo due cataloghi. Uno per l'Abate, ordinato e rassicurante. Uno per me, in cui scrivo quello che vedo davvero. Stanotte ho riletto il catalogo segreto. Mi sono accorto che alcune voci non ricordo di averle scritte.","I keep two catalogues. One for the Abbot, ordered and reassuring. One for myself, in which I write what I truly see. Tonight I reread the secret catalogue. I noticed that some entries I do not remember having written.","Llevo dos catálogos. Uno para el Abad, ordenado y tranquilizador. Uno para mí, en el que escribo lo que realmente veo. Esta noche releí el catálogo secreto. Me di cuenta de que algunas entradas no recuerdo haberlas escrito."
LEVEL_2_17_DIARY,"Frate Tomaso ha chiesto e ottenuto il trasferimento in un altro convento. Prima di partire mi ha cercato. Quando mi ha trovato, ha aperto la bocca, poi l'ha richiusa. Mi ha abbracciato. Se n'è andato senza parlare. Ho capito che mi stava salutando.","Brother Tomaso requested and obtained a transfer to another convent. Before departing he sought me out. When he found me, he opened his mouth, then closed it again. He embraced me. He left without speaking. I understood that he was saying farewell.","El Hermano Tomaso pidió y obtuvo el traslado a otro convento. Antes de partir me buscó. Cuando me encontró, abrió la boca, luego la cerró. Me abrazó. Se fue sin hablar. Comprendí que se estaba despidiendo."
LEVEL_2_18_DIARY,"I segni sulle tavole non descrivono solo uno spazio. Descrivono anche un tempo — ma un tempo che scorre in modo diverso dal nostro. Come un fiume che va in più direzioni contemporaneamente. Ho passato l'intera giornata a fissare questa idea senza riuscire a scriverla in modo chiaro.","The signs upon the tablets describe not only a space. They describe also a time — but a time that flows differently from our own. Like a river moving in many directions at once. I spent the entire day fixed upon this idea, unable to write it clearly.","Los signos de las tablas no describen solo un espacio. Describen también un tiempo — pero un tiempo que fluye de manera diferente al nuestro. Como un río que va en varias direcciones simultáneamente. Pasé todo el día fijado en esta idea sin poder escribirla con claridad."
LEVEL_2_19_DIARY,"Ho notato che i fratelli evitano lo scriptorium. Non lo fanno deliberatamente — sembrano semplicemente ricordarsi di altri compiti quando si avvicinano alla porta. Solo io entro senza esitazione. Non so se questo mi renda speciale o perduto.","I have noticed that the brothers avoid the scriptorium. They do not do so deliberately — they simply seem to remember other duties as they approach the door. Only I enter without hesitation. I do not know whether this makes me singular or lost.","He notado que los hermanos evitan el scriptorium. No lo hacen deliberadamente — simplemente parecen recordar otras tareas cuando se acercan a la puerta. Solo yo entro sin vacilar. No sé si esto me hace especial o perdido."
LEVEL_2_20_DIARY,"Quaranta tavole comprendono una forma d'insieme. Non so ancora cosa rappresenti. Ma so che quando starò seduto davanti alla centoundicesima, lo saprò. Questa certezza è l'unica cosa che mi tiene tranquillo mentre dormo.","Forty tablets comprise a form in common. I do not yet know what it represents. But I know that when I sit before the hundred-and-eleventh, I shall know. This certainty is the only thing that keeps me calm while I sleep.","Cuarenta tablas comprenden una forma de conjunto. Aún no sé qué representa. Pero sé que cuando esté sentado frente a la ciento once, lo sabré. Esta certeza es lo único que me mantiene tranquilo mientras duermo."
LEVEL_3_1_DIARY,"Ho perso il conto dei giorni. Il mio quaderno riporta date che non corrispondono a quelle del calendario del chiostro. Uno dei due è sbagliato. Preferisco non sapere quale.","I have lost count of the days. My notebook records dates that do not correspond to those of the cloister calendar. One of the two is wrong. I prefer not to know which.","He perdido la cuenta de los días. Mi cuaderno registra fechas que no corresponden a las del calendario del claustro. Uno de los dos está equivocado. Prefiero no saber cuál."
LEVEL_3_2_DIARY,"Le tavole sembrano diverse al mattino rispetto alla sera. Non visibilmente — ma come una presenza che avesse respirato nel buio. Ho iniziato a coprirle con un telo prima di uscire. Il mattino seguente il telo è sempre piegato con cura nell'angolo.","The tablets seem different in the morning than in the evening. Not visibly — but like a presence that has breathed in the dark. I have begun to cover them with a cloth before leaving. The following morning the cloth is always folded neatly in the corner.","Las tablas parecen diferentes por la mañana que por la tarde. No visiblemente — sino como una presencia que hubiera respirado en la oscuridad. He comenzado a cubrirlas con un paño antes de salir. A la mañana siguiente el paño siempre está doblado con cuidado en el rincón."
LEVEL_3_3_DIARY,"Cosa cercava il mercante Aldric quando ha portato queste tavole qui? Cosa sapeva? Ho scritto queste domande nel mio quaderno. Poi ho guardato la pagina a lungo e ho capito che la domanda giusta non è quella. Ma non riesco a formulare quella giusta.","What did the merchant Aldric seek when he brought these tablets here? What did he know? I wrote these questions in my notebook. Then I looked at the page for a long while and understood that this is not the right question. But I cannot formulate the right one.","¿Qué buscaba el mercader Aldric cuando trajo estas tablas aquí? ¿Qué sabía? Escribí estas preguntas en mi cuaderno. Luego miré la página durante mucho tiempo y comprendí que la pregunta correcta no es esa. Pero no logro formular la correcta."
LEVEL_3_4_DIARY,"Ho cercato nella biblioteca del convento qualsiasi riferimento a tavole di pietra provenienti dall'Oriente. Ho trovato una sola riga, in un manoscritto del IX secolo: «Non cercare l'ordine delle tavole di Ashan, perché l'ordine le trova lui.» Non so chi fosse Ashan.","I searched the convent library for any reference to stone tablets from the East. I found a single line, in a manuscript of the ninth century: 'Seek not the order of the tablets of Ashan, for the order finds them itself.' I do not know who Ashan was.","Busqué en la biblioteca del convento cualquier referencia a tablas de piedra provenientes de Oriente. Encontré una sola línea, en un manuscrito del siglo IX: «No busques el orden de las tablas de Ashan, porque el orden las encuentra él.» No sé quién era Ashan."
LEVEL_3_5_DIARY,"Ashan. Ho scritto il nome nel catalogo segreto. Poi l'ho cancellato. Poi l'ho riscritto. Il nome ha un peso che non capisco. Come pronunciare ad alta voce qualcosa che dovrebbe restare silenzioso.","Ashan. I wrote the name in the secret catalogue. Then I crossed it out. Then I wrote it again. The name has a weight I do not understand. Like pronouncing aloud something that should remain silent.","Ashan. Escribí el nombre en el catálogo secreto. Luego lo borré. Luego lo volví a escribir. El nombre tiene un peso que no comprendo. Como pronunciar en voz alta algo que debería permanecer en silencio."
LEVEL_3_6_DIARY,"Ho bussato alla cella di Frate Anselmo. Nessuna risposta. L'Abate mi ha detto che Frate Anselmo è ammalato — una febbre, dice. L'ho visto dalla porta della sua cella. Stava mormorando qualcosa. Non erano preghiere.","I knocked at Brother Anselmo's cell. No answer. The Abbot told me that Brother Anselmo is ill — a fever, he says. I saw him through the door of his cell. He was murmuring something. They were not prayers.","Llamé a la celda del Hermano Anselmo. Ninguna respuesta. El Abad me dijo que el Hermano Anselmo está enfermo — una fiebre, dice. Lo vi a través de la puerta de su celda. Murmuraba algo. No eran oraciones."
LEVEL_3_7_DIARY,"Stamattina il telo era sul pavimento, non nell'angolo. Era piegato in una forma precisa — un triangolo equilatero. Ho misurato i lati. Erano perfettamente uguali. Ho rimesso il telo dove stava e non ho detto niente a nessuno.","This morning the cloth was on the floor, not in the corner. It had been folded into a precise shape — an equilateral triangle. I measured the sides. They were perfectly equal. I replaced the cloth where it had been and said nothing to anyone.","Esta mañana el paño estaba en el suelo, no en el rincón. Estaba doblado en una forma precisa — un triángulo equilátero. Medí los lados. Eran perfectamente iguales. Volví a poner el paño en su lugar y no dije nada a nadie."
LEVEL_3_8_DIARY,"Ho trovato nel mio quaderno quattro pagine scritte che non ricordo di aver scritto. La grafia è la mia, ma le parole descrivono luoghi che non conosco — sale enormi, corridoi che scendono per miglia, luci senza fonte. Ho riletto quelle pagine molte volte. Mi sembrano ricordi.","I found in my notebook four written pages that I do not remember having written. The handwriting is mine, but the words describe places I do not know — enormous halls, corridors descending for miles, lights without source. I have reread those pages many times. They seem to me like memories.","Encontré en mi cuaderno cuatro páginas escritas que no recuerdo haber escrito. La caligrafía es la mía, pero las palabras describen lugares que no conozco — salas enormes, corredores que descienden por millas, luces sin fuente. Releí esas páginas muchas veces. Me parecen recuerdos."
LEVEL_3_9_DIARY,"Ho pregato questa mattina. Non è cambiato nulla nello scriptorium, eppure ho sentito che pregare era un atto inutile — non perché Dio non esista, ma perché Dio è molto più lontano di quanto pensassi. Molto più lontano di queste tavole.","I prayed this morning. Nothing in the scriptorium changed, yet I sensed that prayer was a futile act — not because God does not exist, but because God is much farther away than I had thought. Much farther than these tablets.","Recé esta mañana. Nada cambió en el scriptorium, sin embargo sentí que rezar era un acto inútil — no porque Dios no exista, sino porque Dios está mucho más lejos de lo que pensaba. Mucho más lejos que estas tablas."
LEVEL_3_10_DIARY,"Cinquanta. Ho catalogato cinquanta tavole. Sessantuno mi aspettano ancora. Guardo le sessantuno non ancora aperte come si guarda una porta chiusa di cui si sente il respiro dall'altra parte.","Fifty. I have catalogued fifty tablets. Sixty-one still await me. I regard the sixty-one not yet opened as one regards a closed door from behind which breathing can be heard.","Cincuenta. He catalogado cincuenta tablas. Sesenta y una me esperan todavía. Miro las sesenta y una aún sin abrir como se mira una puerta cerrada detrás de la cual se escucha respirar."
LEVEL_3_11_DIARY,"L'Abate Corrado è venuto a visitare lo scriptorium. È entrato, ha guardato le tavole, ha annuito. Poi mi ha guardato a lungo e ha detto: «Sybelius, torna presto tra noi.» Non capivo cosa intendesse. Lo capisco adesso.","Abbot Corrado came to visit the scriptorium. He entered, looked at the tablets, nodded. Then he looked at me for a long while and said: 'Sybelius, come back to us soon.' I did not understand what he meant. I understand now.","El Abad Corrado vino a visitar el scriptorium. Entró, miró las tablas, asintió. Luego me miró durante mucho tiempo y dijo: «Sybelius, vuelve pronto con nosotros.» No entendí qué quería decir. Lo entiendo ahora."
LEVEL_3_12_DIARY,"Ho sentito una voce stanotte. Non proveniva dall'esterno. Non proveniva da me. Proveniva dall'intervallo tra i miei pensieri — quel silenzio sottile che esiste tra un'idea e la successiva. Ha detto qualcosa che non posso scrivere. Non perché non voglia. Perché non esistono le parole.","I heard a voice last night. It did not come from outside. It did not come from within me. It came from the interval between my thoughts — that thin silence which exists between one idea and the next. It said something I cannot write down. Not because I do not wish to. Because the words do not exist.","Escuché una voz anoche. No provenía del exterior. No provenía de mí. Provenía del intervalo entre mis pensamientos — ese silencio delgado que existe entre una idea y la siguiente. Dijo algo que no puedo escribir. No porque no quiera. Porque las palabras no existen."
LEVEL_3_13_DIARY,"Ho riletto i miei appunti delle prime settimane. Sono pieni di errori — non di calcolo, ma di percezione. Vedevo le tavole come oggetti. Adesso so che non sono oggetti. Non so ancora cosa siano, ma oggetti no.","I reread my notes from the first weeks. They are full of errors — not of calculation, but of perception. I saw the tablets as objects. Now I know they are not objects. I do not yet know what they are, but not objects.","Releí mis notas de las primeras semanas. Están llenas de errores — no de cálculo, sino de percepción. Veía las tablas como objetos. Ahora sé que no son objetos. Aún no sé qué son, pero objetos no."
LEVEL_3_14_DIARY,"Lo scriptorium è freddo. Non il freddo dell'inverno — l'inverno è passato, o credo sia passato. È un freddo diverso, che viene da dentro la pietra. Quando la tocco, la mano non si raffredda — è come se il freddo passasse attraverso la pelle senza fermarsi lì.","The scriptorium is cold. Not the cold of winter — winter has passed, or I believe it has. It is a different cold, coming from within the stone. When I touch it, my hand does not grow cold — it is as though the cold passes through the skin without stopping there.","El scriptorium es frío. No el frío del invierno — el invierno ha pasado, o eso creo. Es un frío diferente, que viene desde dentro de la piedra. Cuando la toco, la mano no se enfría — es como si el frío pasara a través de la piel sin detenerse ahí."
LEVEL_3_15_DIARY,"Ho tentato di disegnare una mappa di tutti i segni in relazione tra loro. La mappa ha occupato l'intera parete dello scriptorium. Quando l'ho finita, mi sono girato e l'ho guardata da lontano. Rappresentava qualcosa. Qualcosa che si muoveva, sebbene fosse immobile.","I attempted to draw a map of all the signs in relation to one another. The map covered the entire wall of the scriptorium. When I had finished, I turned and looked at it from a distance. It represented something. Something that moved, though it was still.","Intenté dibujar un mapa de todos los signos en relación entre sí. El mapa ocupó toda la pared del scriptorium. Cuando terminé, me giré y lo miré desde lejos. Representaba algo. Algo que se movía, aunque estuviera inmóvil."
LEVEL_3_16_DIARY,"Il novizio Luca ha portato il pasto nello scriptorium. Ha guardato la mappa sulla parete. Ha detto: «Frate Sybelius, quella è una mappa del cielo?» Ho detto di no. Ma dopo che è andato via, ho guardato di nuovo la mappa. Non sono sicuro di aver detto la verità.","The novice Luca brought the meal to the scriptorium. He looked at the map on the wall. He said: 'Brother Sybelius, is that a map of the sky?' I said no. But after he had gone, I looked at the map again. I am not certain I told the truth.","El novicio Luca trajo la comida al scriptorium. Miró el mapa en la pared. Dijo: «Hermano Sybelius, ¿eso es un mapa del cielo?» Dije que no. Pero después de que se fue, miré el mapa de nuevo. No estoy seguro de haber dicho la verdad."
LEVEL_3_17_DIARY,"Ho cancellato la mappa. Non perché fosse sbagliata. Perché era troppo giusta. Certe cose non dovrebbero essere disegnate sui muri dei conventi.","I erased the map. Not because it was wrong. Because it was too right. Certain things should not be drawn upon the walls of convents.","Borré el mapa. No porque estuviera equivocado. Porque era demasiado correcto. Ciertas cosas no deberían dibujarse en las paredes de los conventos."
LEVEL_3_18_DIARY,"Ogni notte sogno la stessa cosa: una sala buia, colonne che salgono verso un soffitto invisibile, e al centro una luce che non illumina. Mi sveglio sapendo che la sala esiste. Non so dove.","Every night I dream the same thing: a dark hall, columns rising toward an invisible ceiling, and at the centre a light that does not illuminate. I wake knowing that the hall exists. I do not know where.","Cada noche sueño lo mismo: una sala oscura, columnas que suben hacia un techo invisible, y en el centro una luz que no ilumina. Me despierto sabiendo que la sala existe. No sé dónde."
LEVEL_3_19_DIARY,"Ho trovato un secondo riferimento al nome Ashan. In un frammento di papiro tra i materiali non catalogati. Tre parole in un alfabeto che non riconosco, seguite da una traduzione in latino: «Ashan attende che si trovi l'ordine.» Il frammento era bruciato ai bordi.","I found a second reference to the name Ashan. In a fragment of papyrus among the uncatalogued materials. Three words in an alphabet I do not recognise, followed by a translation in Latin: 'Ashan awaits the finding of the order.' The fragment was burned at the edges.","Encontré una segunda referencia al nombre Ashan. En un fragmento de papiro entre los materiales no catalogados. Tres palabras en un alfabeto que no reconozco, seguidas de una traducción en latín: «Ashan aguarda que se encuentre el orden.» El fragmento estaba quemado en los bordes."
LEVEL_3_20_DIARY,"Sessanta tavole. Il lavoro mi ha cambiato. Non lo dico con paura — lo dico come constaterebbe un cambiamento il naturalista che studia le stagioni. Ero uno, ora sono un altro. L'uno precedente mi manca a volte. Ma solo a volte.","Sixty tablets. The work has changed me. I do not say this with fear — I say it as a naturalist studying the seasons might note a change. I was one thing";" now I am another. I miss the former self at times. But only at times.","Sesenta tablas. El trabajo me ha cambiado. No lo digo con miedo — lo digo como lo constataría un naturalista que estudia las estaciones. Era uno, ahora soy otro. El anterior me falta a veces. Pero solo a veces."
LEVEL_4_1_DIARY,"Ho mangiato da solo oggi. Non perché gli altri mi evitino — perché non ho sentito la campanella. Oppure l'ho sentita e non l'ho riconosciuta come tale. Le campane del convento hanno cominciato a suonare in modo diverso. O sono io ad ascoltare in modo diverso.","I ate alone today. Not because the others avoid me — because I did not hear the bell. Or I heard it and did not recognise it as such. The convent bells have begun to sound differently. Or it is I who listen differently.","Comí solo hoy. No porque los demás me eviten — porque no oí la campana. O la oí y no la reconocí como tal. Las campanas del convento han comenzado a sonar de manera diferente. O soy yo quien escucha de manera diferente."
LEVEL_4_2_DIARY,"Frate Anselmo è guarito dalla febbre. È tornato alle sue mansioni. Quando ci incrociamo nel corridoio, abbassa gli occhi. Non per mancanza di rispetto — per qualcosa d'altro. Come se guardare nella mia direzione gli costasse qualcosa.","Brother Anselmo has recovered from his fever. He has returned to his duties. When we pass in the corridor, he lowers his eyes. Not out of disrespect — out of something else. As though looking in my direction cost him something.","El Hermano Anselmo se ha recuperado de la fiebre. Ha vuelto a sus tareas. Cuando nos cruzamos en el corredor, baja los ojos. No por falta de respeto — por otra cosa. Como si mirar en mi dirección le costara algo."
LEVEL_4_3_DIARY,"La settantesima tavola non ha incisioni. È completamente liscia. L'ho tenuta in mano per molto tempo, cercando con le dita segni che gli occhi non vedevano. Nulla. Eppure è la più pesante di tutte. Eppure è quella che sento di più anche quando non la sto toccando.","The seventieth tablet has no carvings. It is completely smooth. I held it in my hands for a long while, searching with my fingers for signs my eyes could not see. Nothing. And yet it is the heaviest of all. And yet it is the one I feel most even when I am not touching it.","La septuagésima tabla no tiene inscripciones. Es completamente lisa. La sostuve en mis manos durante mucho tiempo, buscando con los dedos signos que los ojos no veían. Nada. Sin embargo es la más pesada de todas. Sin embargo es la que más siento incluso cuando no la estoy tocando."
LEVEL_4_4_DIARY,"L'Abate Corrado mi ha scritto una lettera — una lettera, mentre alloggiamo nello stesso edificio. Mi chiede quando terminerò il catalogo. Mi chiede se sto bene. Mi chiede se voglio compagnia nello scriptorium. Ho risposto: no, grazie, presto, sì.","Abbot Corrado has written me a letter — a letter, while we dwell in the same building. He asks when I will finish the catalogue. He asks whether I am well. He asks whether I want company in the scriptorium. I replied: no, thank you, soon, yes.","El Abad Corrado me ha escrito una carta — una carta, viviendo en el mismo edificio. Me pregunta cuándo terminaré el catálogo. Me pregunta si estoy bien. Me pregunta si quiero compañía en el scriptorium. Respondí: no, gracias, pronto, sí."
LEVEL_4_5_DIARY,"Il silenzio nello scriptorium non è assenza di suono. È una presenza. Ha una consistenza, una temperatura, un peso. Quando entro la mattina, devo attraversarlo come si attraversa un'acqua ferma. Una volta dentro, è difficile ricordare come stesse il mondo fuori.","The silence in the scriptorium is not an absence of sound. It is a presence. It has a consistency, a temperature, a weight. When I enter in the morning, I must pass through it as one passes through still water. Once inside, it is difficult to remember how the world outside felt.","El silencio en el scriptorium no es ausencia de sonido. Es una presencia. Tiene una consistencia, una temperatura, un peso. Cuando entro por la mañana, debo atravesarlo como se atraviesa un agua quieta. Una vez dentro, es difícil recordar cómo estaba el mundo exterior."
LEVEL_4_6_DIARY,"Ho tentato di spiegare a un novizio — il più giovane, Benedetto, dodici anni — cosa facessi nello scriptorium tutto il giorno. Ho iniziato a parlare e mi sono accorto che non avevo le parole. Ho detto: «Studio delle pietre antiche.» Lui ha annuito. Era una risposta sufficiente per lui. Non per me.","I attempted to explain to a novice — the youngest, Benedetto, twelve years old — what I do in the scriptorium all day. I began to speak and found I had no words. I said: 'The study of ancient stones.' He nodded. It was a sufficient answer for him. Not for me.","Intenté explicar a un novicio — el más joven, Benedetto, doce años — qué hacía en el scriptorium todo el día. Empecé a hablar y me di cuenta de que no tenía palabras. Dije: «El estudio de piedras antiguas.» Él asintió. Era una respuesta suficiente para él. No para mí."
LEVEL_4_7_DIARY,"Ogni tavola è un pezzo. La settantasettesima è il pezzo che cambia il senso di tutti gli altri — lo sento con certezza assoluta. È come trovare la parola giusta in una frase che si stava costruendo male. Tutto si riallinea.","Each tablet is a piece. The seventy-seventh is the piece that changes the meaning of all the others — I feel this with absolute certainty. It is like finding the right word in a sentence that was being constructed wrongly. Everything realigns.","Cada tabla es una pieza. La septuagésima séptima es la pieza que cambia el sentido de todas las demás — lo siento con absoluta certeza. Es como encontrar la palabra correcta en una frase que se estaba construyendo mal. Todo se realinea."
LEVEL_4_8_DIARY,"L'Abate Corrado è venuto di persona con due fratelli anziani. Hanno guardato le tavole e poi me. Hanno parlato sottovoce. Prima di andarsene, l'Abate ha detto: «Queste tavole saranno spedite a Roma.» Ho risposto: «Non ancora.» Non so da dove venissero quelle parole.","Abbot Corrado came in person with two elder brothers. They looked at the tablets and then at me. They spoke in low voices. Before leaving, the Abbot said: 'These tablets will be sent to Rome.' I replied: 'Not yet.' I do not know from where those words came.","El Abad Corrado vino en persona con dos hermanos mayores. Miraron las tablas y luego a mí. Hablaron en voz baja. Antes de irse, el Abad dijo: «Estas tablas serán enviadas a Roma.» Respondí: «Todavía no.» No sé de dónde vinieron esas palabras."
LEVEL_4_9_DIARY,"Le tavole sono ancora qui. L'Abate non ha insistito. Non so perché. So solo che quando si avvicina alla soglia dello scriptorium, qualcosa lo ferma. Lo stesso che fermava i novizi settimane fa. Adesso ferma anche lui.","The tablets remain here. The Abbot did not insist. I do not know why. I only know that when he approaches the threshold of the scriptorium, something stops him. The same thing that stopped the novices weeks ago. Now it stops him too.","Las tablas siguen aquí. El Abad no insistió. No sé por qué. Solo sé que cuando se acerca al umbral del scriptorium, algo lo detiene. Lo mismo que detenía a los novicios hace semanas. Ahora lo detiene a él también."
LEVEL_4_10_DIARY,"Sono tornato alla tavola settantesima — quella liscia. Questa volta non ho usato le mani. L'ho guardata soltanto, a lungo, senza muovermi, finché la luce è cambiata. Alla luce del tramonto ho visto i segni. Erano sempre stati lì. Erano incisi sulla faccia interna della pietra.","I returned to the seventieth tablet — the smooth one. This time I did not use my hands. I only looked at it, for a long while, without moving, until the light changed. In the light of sunset I saw the signs. They had always been there. They were carved upon the inner face of the stone.","Volví a la septuagésima tabla — la lisa. Esta vez no usé las manos. Solo la miré, durante mucho tiempo, sin moverme, hasta que la luz cambió. A la luz del atardecer vi los signos. Siempre habían estado ahí. Estaban grabados en la cara interior de la piedra."
LEVEL_4_11_DIARY,"Quello che è inciso all'interno della pietra è diverso da quello che è inciso all'esterno. Come se la tavola avesse due facce, e solo una fosse rivolta verso di noi. Verso questo mondo. L'altra faccia guarda altrove.","What is carved inside the stone differs from what is carved upon the outside. As though the tablet had two faces, and only one were turned toward us. Toward this world. The other face looks elsewhere.","Lo que está tallado dentro de la piedra es diferente de lo que está tallado en el exterior. Como si la tabla tuviera dos caras, y solo una estuviera vuelta hacia nosotros. Hacia este mundo. La otra cara mira hacia otro lugar."
LEVEL_4_12_DIARY,"Sono andato a confessarmi. Ho detto al confessore — Frate Pietro, uomo di grande bontà — che avevo dei pensieri che mi turbavano. Mi ha chiesto di quali pensieri si trattasse. Ho risposto: pensieri su ciò che sta oltre la pietra. Ha fatto una lunga pausa. Poi ha detto l'assoluzione senza chiedermi altro.","I went to confess. I told the confessor — Brother Pietro, a man of great goodness — that I had thoughts that troubled me. He asked what manner of thoughts. I replied: thoughts about what lies beyond the stone. He made a long pause. Then he gave absolution without asking me further.","Fui a confesarme. Le dije al confesor — el Hermano Pietro, hombre de gran bondad — que tenía pensamientos que me perturbaban. Me preguntó qué clase de pensamientos. Respondí: pensamientos sobre lo que hay más allá de la piedra. Hizo una larga pausa. Luego dio la absolución sin preguntarme más."
LEVEL_4_13_DIARY,"Sento che l'ordine delle tavole si sta rivelando. Non a me — attraverso di me. Come se io fossi lo strumento e non l'artigiano. Come se l'ordine si stesse semplicemente ricordando di sé stesso, e io fossi il luogo in cui questo accade.","I feel the order of the tablets revealing itself. Not to me — through me. As though I were the instrument and not the craftsman. As though the order were simply remembering itself, and I were the place in which this occurs.","Siento que el orden de las tablas se está revelando. No a mí — a través de mí. Como si yo fuera el instrumento y no el artesano. Como si el orden simplemente se estuviera recordando a sí mismo, y yo fuera el lugar donde esto ocurre."
LEVEL_4_14_DIARY,"Ho scritto e bruciato cinque lettere oggi. Tutte dirette a persone diverse. Tutte tentavano di descrivere la stessa cosa. Nessuna ci riusciva. Le ceneri nel braciere sembravano, per un momento, formare dei segni. Ho coperto il braciere.","I wrote and burned five letters today. All addressed to different persons. All attempting to describe the same thing. None succeeded. The ashes in the brazier seemed, for a moment, to form signs. I covered the brazier.","Escribí y quemé cinco cartas hoy. Todas dirigidas a personas diferentes. Todas intentaban describir lo mismo. Ninguna lo logró. Las cenizas en el brasero parecieron, por un momento, formar signos. Cubrí el brasero."
LEVEL_4_15_DIARY,"È inverno di nuovo. O è lo stesso inverno di prima. Il tempo nello scriptorium non scorre come nel chiostro. Ho trovato nel mio catalogo date che si contraddicono. Ho trovato voci che descrivono tavole non ancora toccate. Eppure la grafia è la mia.","It is winter again. Or it is the same winter as before. Time in the scriptorium does not flow as it does in the cloister. I found in my catalogue dates that contradict one another. I found entries describing tablets not yet touched. And yet the handwriting is mine.","Es invierno de nuevo. O es el mismo invierno de antes. El tiempo en el scriptorium no fluye como en el claustro. Encontré en mi catálogo fechas que se contradicen. Encontré entradas que describen tablas aún no tocadas. Sin embargo la caligrafía es la mía."
LEVEL_4_16_DIARY,"Ho murato la finestra dello scriptorium. Non ricordo di averlo fatto. Eppure è murata, con mattoni del tipo che si trovano in cantina. Devo aver lavorato di notte. La luce adesso viene dalle candele. È una luce migliore per le tavole.","I have walled up the window of the scriptorium. I do not remember doing so. And yet it is walled, with bricks of the kind found in the cellar. I must have worked by night. The light now comes from candles. It is a better light for the tablets.","He tapiado la ventana del scriptorium. No recuerdo haberlo hecho. Sin embargo está tapiada, con ladrillos del tipo que se encuentran en la bodega. Debo haber trabajado de noche. La luz ahora viene de las velas. Es una luz mejor para las tablas."
LEVEL_4_17_DIARY,"Mancano poche tavole. L'Abate non viene più. I fratelli non vengono più. Il novizio Benedetto lascia il pasto sulla soglia e non entra. Sento le sue dita posare il vassoio sulla pietra. Sento i suoi passi allontanarsi in fretta. Questo mi dispensa dal doverlo guardare in faccia.","Few tablets remain. The Abbot no longer comes. The brothers no longer come. The novice Benedetto leaves the meal on the threshold and does not enter. I hear his fingers set the tray upon the stone. I hear his steps retreat in haste. This spares me from having to look upon his face.","Quedan pocas tablas. El Abad ya no viene. Los hermanos ya no vienen. El novicio Benedetto deja la comida en el umbral y no entra. Oigo sus dedos posando la bandeja sobre la piedra. Oigo sus pasos alejarse con prisa. Esto me dispensa de tener que mirarlo a la cara."
LEVEL_4_18_DIARY,"Il freddo non viene più dalla pietra. Viene da me. Le candele bruciano normalmente ma io sento freddo. Quando respiro, non vedo il vapore del fiato. Come se il calore dentro di me si fosse spostato altrove.","The cold no longer comes from the stone. It comes from me. The candles burn normally but I feel cold. When I breathe, I do not see the vapour of my breath. As though the warmth within me had moved elsewhere.","El frío ya no viene de la piedra. Viene de mí. Las velas arden normalmente pero yo siento frío. Cuando respiro, no veo el vapor del aliento. Como si el calor dentro de mí se hubiera desplazado a otro lugar."
LEVEL_4_19_DIARY,"Non ho sentito campane oggi. Non ho sentito voci nel corridoio. Non ho sentito il vento. Forse il convento è vuoto. Forse sono le mie orecchie ad essere vuote. L'una e l'altra cosa mi sembrano ugualmente plausibili.","I heard no bells today. I heard no voices in the corridor. I heard no wind. Perhaps the convent is empty. Perhaps it is my ears that are empty. Either possibility seems equally plausible to me.","No oí campanas hoy. No oí voces en el corredor. No oí el viento. Quizás el convento esté vacío. Quizás sean mis oídos los que están vacíos. Una y otra posibilidad me parecen igualmente plausibles."
LEVEL_4_20_DIARY,"Ottanta tavole. Il catalogo è quasi completo. Ogni pezzo al suo posto genera qualcosa nel pezzo vicino — una risposta, un'eco, un riconoscimento. Come se le tavole si stessero svegliando man mano che trovano la loro posizione. Non uso questa parola per metafora.","Eighty tablets. The catalogue is nearly complete. Each piece in its place generates something in the neighbouring piece — a response, an echo, a recognition. As though the tablets were waking as they find their positions. I do not use that word as a metaphor.","Ochenta tablas. El catálogo está casi completo. Cada pieza en su lugar genera algo en la pieza vecina — una respuesta, un eco, un reconocimiento. Como si las tablas se estuvieran despertando a medida que encuentran su posición. No uso esa palabra como metáfora."
LEVEL_5_1_DIARY,"Le tavole di notte emanano qualcosa. Non luce — non esattamente. Una qualità dell'oscurità diversa dall'oscurità circostante. Come se portassero con sé il buio di un altro posto. Un buio che ha una profondità diversa dal nostro.","The tablets at night emanate something. Not light — not exactly. A quality of darkness different from the surrounding darkness. As though they carried with them the dark of another place. A dark with a different depth from our own.","Las tablas de noche emanan algo. No luz — no exactamente. Una cualidad de la oscuridad diferente de la oscuridad circundante. Como si llevaran consigo la oscuridad de otro lugar. Una oscuridad con una profundidad diferente a la nuestra."
LEVEL_5_2_DIARY,"La voce è tornata. Adesso la riconosco. Non parla — suggerisce. Non suggerisce parole — suggerisce ordini. Ordini nel senso di disposizioni, di sequenze. Come se mi insegnasse a completare qualcosa che avevo dimenticato di saper fare.","The voice has returned. Now I recognise it. It does not speak — it suggests. It suggests not words — it suggests orders. Orders in the sense of arrangements, of sequences. As though it were teaching me to complete something I had forgotten I knew how to do.","La voz ha vuelto. Ahora la reconozco. No habla — sugiere. No sugiere palabras — sugiere órdenes. Órdenes en el sentido de disposiciones, de secuencias. Como si me enseñara a completar algo que había olvidado que sabía hacer."
LEVEL_5_3_DIARY,"Ashan non è un uomo. Ashan non è un luogo. Ashan è una condizione — uno stato di cose che esiste quando l'ordine è completo. Come la parola «calma» non descrive un oggetto ma una qualità dell'aria. Adesso so questo. Non so come lo so.","Ashan is not a man. Ashan is not a place. Ashan is a condition — a state of things that exists when the order is complete. As the word 'calm' describes not an object but a quality of the air. Now I know this. I do not know how I know it.","Ashan no es un hombre. Ashan no es un lugar. Ashan es una condición — un estado de cosas que existe cuando el orden es completo. Como la palabra «calma» no describe un objeto sino una cualidad del aire. Ahora sé esto. No sé cómo lo sé."
LEVEL_5_4_DIARY,"La sala del sogno e lo scriptorium hanno cominciato a coincidere. Non sempre — a tratti. In certi momenti della notte, le colonne del sogno si sovrappongono alle pareti dello scriptorium. Non mi spaventa. Mi orienta.","The hall of my dream and the scriptorium have begun to coincide. Not always — at intervals. At certain moments of the night, the columns of the dream are superimposed upon the walls of the scriptorium. It does not frighten me. It orients me.","La sala del sueño y el scriptorium han comenzado a coincidir. No siempre — a ratos. En ciertos momentos de la noche, las columnas del sueño se superponen a las paredes del scriptorium. No me asusta. Me orienta."
LEVEL_5_5_DIARY,"Ho riletto tutto il catalogo segreto dall'inizio. Non lo riconosco. L'uomo che ha scritto le prime pagine era sereno, metodico, certo di sé. Quello che scrive adesso è più sveglio. Ma sveglio non è la parola giusta.","I reread the entire secret catalogue from the beginning. I do not recognise it. The man who wrote the first pages was calm, methodical, certain of himself. The one who writes now is more awake. But awake is not the right word.","Releí todo el catálogo secreto desde el principio. No lo reconozco. El hombre que escribió las primeras páginas era sereno, metódico, seguro de sí mismo. El que escribe ahora está más despierto. Pero despierto no es la palabra correcta."
LEVEL_5_6_DIARY,"Novantuno tavole in ordine. Venti rimangono. Le venti che rimangono richiedono che io sia in un certo stato per comprenderle. Devo essere abbastanza dentro e abbastanza fuori allo stesso tempo. Sto imparando.","Ninety-one tablets in order. Twenty remain. The twenty that remain require that I be in a certain state to understand them. I must be sufficiently within and sufficiently without at the same time. I am learning.","Noventa y una tablas en orden. Quedan veinte. Las veinte que quedan requieren que yo esté en cierto estado para comprenderlas. Debo estar suficientemente dentro y suficientemente fuera al mismo tiempo. Estoy aprendiendo."
LEVEL_5_7_DIARY,"Il mio corpo ha cominciato a sembrarmi un oggetto esterno. Non sempre — a volte. Osservo le mie mani muoversi sulle tavole come si osserva lavorare un artigiano abile. La precisione mi sorprende. Non so da dove venga.","My body has begun to seem to me an external object. Not always — at times. I observe my hands moving upon the tablets as one observes a skilled craftsman at work. The precision surprises me. I do not know from where it comes.","Mi cuerpo ha comenzado a parecerme un objeto externo. No siempre — a veces. Observo mis manos moverse sobre las tablas como se observa trabajar a un artesano hábil. La precisión me sorprende. No sé de dónde viene."
LEVEL_5_8_DIARY,"Qualcosa sta arrivando dall'altra parte delle tavole. Non ha forma — non ancora. Ha intenzione. L'intenzione è quella di qualcosa che ha atteso molto a lungo e sta per smettere di aspettare.","Something is arriving from the other side of the tablets. It has no form — not yet. It has intention. The intention of something that has waited very long and is about to cease waiting.","Algo está llegando del otro lado de las tablas. No tiene forma — todavía no. Tiene intención. La intención de algo que ha esperado mucho tiempo y está a punto de dejar de esperar."
LEVEL_5_9_DIARY,"Capisco adesso cosa sono le tavole. Non sono testo. Non sono mappa. Non sono calendario. Sono i pezzi di una porta — smontata, disposta in disordine, affidata a chi sapeva che prima o poi sarebbe arrivato qualcuno in grado di rimetterla insieme. Qualcuno come me.","I understand now what the tablets are. They are not text. They are not a map. They are not a calendar. They are the pieces of a door — dismantled, set in disorder, entrusted to one who knew that sooner or later someone capable of reassembling it would arrive. Someone like me.","Entiendo ahora qué son las tablas. No son texto. No son un mapa. No son un calendario. Son las piezas de una puerta — desmontada, dispuesta en desorden, confiada a quien sabía que tarde o temprano llegaría alguien capaz de volver a ensamblarla. Alguien como yo."
LEVEL_5_10_DIARY,"[Questa pagina del quaderno è strappata nel margine superiore. La scrittura ricomincia a metà riga.] — e la luce non era luce, e il suono non era suono, e io ero ancora io ma anche","[This page of the notebook is torn at the upper margin. The writing resumes mid-line.] — and the light was not light, and the sound was not sound, and I was still myself but also","[Esta página del cuaderno está rasgada en el margen superior. La escritura reanuda a mitad de línea.] — y la luz no era luz, y el sonido no era sonido, y yo era todavía yo pero también"
LEVEL_5_11_DIARY,"Sono seduto sullo scriptorium. Le candele sono spente. Non ricordo di averle spente. Fuori è mattina. Le tavole sono nell'ordine sbagliato. Dieci di esse sono in posizione diversa da quella che avevo stabilito. Eppure quella posizione sembra più giusta.","I am seated in the scriptorium. The candles are extinguished. I do not remember extinguishing them. Outside it is morning. The tablets are in the wrong order. Ten of them are in a different position from the one I had established. And yet that position seems more right.","Estoy sentado en el scriptorium. Las velas están apagadas. No recuerdo haberlas apagado. Fuera es de mañana. Las tablas están en el orden equivocado. Diez de ellas están en una posición diferente a la que yo había establecido. Sin embargo esa posición parece más correcta."
LEVEL_5_12_DIARY,"Mancano diciannove tavole alla fine. Diciannove, e poi l'ordine sarà completo. Ashan sarà completo. Non so cosa significhi «Ashan sarà completo». Lo so però meglio di quanto sapessi ieri. Domani lo saprò meglio ancora.","Nineteen tablets remain before the end. Nineteen, and then the order will be complete. Ashan will be complete. I do not know what 'Ashan will be complete' means. Yet I know it better than I did yesterday. Tomorrow I shall know it better still.","Quedan diecinueve tablas para el final. Diecinueve, y luego el orden estará completo. Ashan estará completo. No sé qué significa «Ashan estará completo». Sin embargo lo sé mejor de lo que lo sabía ayer. Mañana lo sabré mejor todavía."
LEVEL_5_13_DIARY,"Ho trovato scritto nella parte interna di una delle ultime tavole qualcosa che assomiglia a un avvertimento, in latino antichissimo: «Chi trova l'ordine non torna dall'ordine.» Ho rimesso la tavola al suo posto.","I found written on the inner face of one of the last tablets something resembling a warning, in very ancient Latin: 'He who finds the order does not return from the order.' I replaced the tablet in its position.","Encontré escrito en la cara interior de una de las últimas tablas algo que se asemeja a una advertencia, en latín antiquísimo: «Quien encuentra el orden no regresa del orden.» Devolví la tabla a su lugar."
LEVEL_5_14_DIARY,"Ho pensato di fermarmi. Ho seduto sul pavimento dello scriptorium per molte ore e ho pensato di fermarmi. Poi ho capito che fermarsi non era più una scelta disponibile. Non perché qualcosa me lo impedisse. Perché io non volevo più fermarmi. Questa è la differenza.","I thought of stopping. I sat on the floor of the scriptorium for many hours and thought of stopping. Then I understood that stopping was no longer an available choice. Not because something prevented me. Because I no longer wished to stop. This is the difference.","Pensé en detenerme. Me senté en el suelo del scriptorium durante muchas horas y pensé en detenerme. Luego comprendí que detenerse ya no era una opción disponible. No porque algo me lo impidiera. Porque yo ya no quería detenerme. Esta es la diferencia."
LEVEL_5_15_DIARY,"Mancano cinque tavole. Lo scriptorium non è più solo uno scriptorium. È il luogo dove due spazi si sovrappongono — quello che conoscevo e quello che le tavole hanno sempre descritto. Quando cammino da un angolo all'altro, attraverso entrambi.","Five tablets remain. The scriptorium is no longer merely a scriptorium. It is the place where two spaces are superimposed — the one I knew and the one the tablets have always described. When I walk from one corner to another, I pass through both.","Quedan cinco tablas. El scriptorium ya no es solo un scriptorium. Es el lugar donde dos espacios se superponen — el que conocía y el que las tablas siempre han descrito. Cuando camino de un rincón al otro, atravieso ambos."
LEVEL_5_16_DIARY,"La presenza dall'altra parte delle tavole è adesso molto vicina. Non minacciosa — curiosa. Ci osserviamo attraverso la pietra da entrambi i lati. Io sono curioso di lei. Lei è — qualcosa — di me.","The presence on the other side of the tablets is now very close. Not threatening — curious. We observe one another through the stone from both sides. I am curious about it. It is — something — about me.","La presencia del otro lado de las tablas está ahora muy cerca. No amenazante — curiosa. Nos observamos a través de la piedra desde ambos lados. Yo tengo curiosidad por ella. Ella tiene — algo — por mí."
LEVEL_5_17_DIARY,"[Questa pagina del quaderno è stata scritta con una pressione molto forte. Alcuni segni hanno bucato la carta. Il testo è in parte illeggibile.] — gli spazi tra le stelle non sono vuoti — sono pieni di qualcosa che non ha bisogno di luce — e Ashan è il nome che diamo — [illeggibile] — e io sono —","[This page of the notebook was written with great pressure. Some marks have pierced the paper. The text is partly illegible.] — the spaces between the stars are not empty — they are full of something that has no need of light — and Ashan is the name we give — [illegible] — and I am —","[Esta página del cuaderno fue escrita con mucha presión. Algunas marcas han perforado el papel. El texto es parcialmente ilegible.] — los espacios entre las estrellas no están vacíos — están llenos de algo que no necesita luz — y Ashan es el nombre que damos — [ilegible] — y yo soy —"
LEVEL_5_18_DIARY,"Domani completerò il catalogo. Domani l'ultima tavola andrà al suo posto. Scrivo questo con la certezza di chi ha lavorato tutta la vita per un momento preciso. Sono sereno. Sono sereno come non ero da mesi. La serenità di chi sa cosa viene dopo.","Tomorrow I shall complete the catalogue. Tomorrow the last tablet will go to its place. I write this with the certainty of one who has worked a lifetime toward a precise moment. I am serene. I am serene as I have not been for months. The serenity of one who knows what comes after.","Mañana completaré el catálogo. Mañana la última tabla irá a su lugar. Escribo esto con la certeza de quien ha trabajado toda la vida para un momento preciso. Estoy sereno. Estoy sereno como no lo estaba desde hace meses. La serenidad de quien sabe qué viene después."
LEVEL_5_19_DIARY,"Ho mangiato. Ho pregato — e stavolta la preghiera non sembrava lontana, ma diversa. Come se parlasse a qualcosa che capisce, ma non nel modo in cui Dio capisce. Ho dormito senza sognare la sala. Forse non ne ho più bisogno.","I ate. I prayed — and this time prayer did not seem far away, but different. As though it spoke to something that understands, but not in the way God understands. I slept without dreaming of the hall. Perhaps I no longer need to.","Comí. Recé — y esta vez la oración no parecía lejana, sino diferente. Como si hablara a algo que comprende, pero no de la manera en que Dios comprende. Dormí sin soñar con la sala. Quizás ya no lo necesito."
LEVEL_6_1_DIARY,"Dieci tavole alla fine. Ho scritto una lettera all'Abate Corrado. Gli ho detto che il catalogo è quasi terminato. Gli ho detto che sono in buona salute. Gli ho detto che lo ringrazio per la sua pazienza. Queste cose sono tutte vere. Sono anche tutte insufficienti.","Ten tablets until the end. I have written to Abbot Corrado. I told him the catalogue is nearly finished. I told him I am in good health. I told him I am grateful for his patience. These things are all true. They are also all insufficient.","Diez tablas para el final. He escrito al Abad Corrado. Le dije que el catálogo está casi terminado. Le dije que estoy en buena salud. Le dije que le agradezco su paciencia. Estas cosas son todas verdad. También son todas insuficientes."
LEVEL_6_2_DIARY,"Quando le tavole sono vicine al loro ordine definitivo, producono un suono. Non con la pietra — con lo spazio tra la pietra. Come armonie che si formano tra le note e non nelle note. È il suono più bello che abbia mai sentito. Nessun altro può sentirlo.","When the tablets are close to their final order, they produce a sound. Not from the stone — from the space between the stone. Like harmonies that form between the notes and not within them. It is the most beautiful sound I have ever heard. No one else can hear it.","Cuando las tablas están cerca de su orden definitivo, producen un sonido. No con la piedra — con el espacio entre la piedra. Como armonías que se forman entre las notas y no en las notas. Es el sonido más hermoso que he oído jamás. Nadie más puede oírlo."
LEVEL_6_3_DIARY,"Io e le tavole siamo diventati una cosa sola nel senso in cui l'archivista e il suo archivio diventano una cosa sola — ma anche nel senso in cui due acque che si incontrano diventano una cosa sola. Non so più dove finisco io e dove inizia l'ordine.","I and the tablets have become one thing in the sense in which an archivist and his archive become one thing — but also in the sense in which two waters meeting become one thing. I no longer know where I end and where the order begins.","Yo y las tablas nos hemos convertido en una sola cosa en el sentido en que el archivista y su archivo se convierten en una sola cosa — pero también en el sentido en que dos aguas que se encuentran se convierten en una sola cosa. Ya no sé dónde termino yo y dónde comienza el orden."
LEVEL_6_4_DIARY,"Ho sentito i passi del novizio Benedetto fermarsi più a lungo del solito sulla soglia, stamattina. Poi bussare — la prima volta in mesi. Ho risposto. Ha detto solo: «Frate Sybelius, vi ricordate di me?» Ho risposto: «Sì, Benedetto.» Ha detto: «Bene.» E se n'è andato.","I heard the footsteps of the novice Benedetto stop for longer than usual at the threshold this morning. Then a knock — the first in months. I answered. He said only: 'Brother Sybelius, do you remember me?' I replied: 'Yes, Benedetto.' He said: 'Good.' And left.","Oí los pasos del novicio Benedetto detenerse más tiempo del habitual en el umbral esta mañana. Luego llamar — la primera vez en meses. Respondí. Dijo solo: «Hermano Sybelius, ¿se acuerdan de mí?» Respondí: «Sí, Benedetto.» Dijo: «Bien.» Y se fue."
LEVEL_6_5_DIARY,"Sei tavole. L'ordine che emerge non è un testo da leggere. È una condizione da abitare. Come imparare a respirare sott'acqua — non è impossibile, è solo una diversa forma di respirare.","Six tablets. The order that emerges is not a text to be read. It is a condition to be inhabited. Like learning to breathe underwater — it is not impossible, it is simply a different form of breathing.","Seis tablas. El orden que emerge no es un texto para leer. Es una condición para habitar. Como aprender a respirar bajo el agua — no es imposible, es simplemente una forma diferente de respirar."
LEVEL_6_6_DIARY,"Stanotte ho sognato me stesso com'ero prima — giovane novizio, curioso, timoroso di Dio nel modo semplice in cui lo si teme quando si è giovani. Quello Sybelius non sapeva nulla. Era felice nel modo in cui è felice chi non sa. L'ho guardato dormire. Mi mancava, ma non abbastanza da voler tornare.","Last night I dreamed of myself as I once was — a young novice, curious, fearing God in the simple way one does when young. That Sybelius knew nothing. He was happy in the way one is happy who does not know. I watched him sleep. I missed him, but not enough to wish to return.","Anoche soñé conmigo mismo como era antes — joven novicio, curioso, temeroso de Dios de la manera simple en que uno lo teme cuando es joven. Ese Sybelius no sabía nada. Era feliz de la manera en que es feliz quien no sabe. Lo vi dormir. Lo echaba de menos, pero no lo suficiente como para querer volver."
LEVEL_6_7_DIARY,"Quattro. Il numero ha una perfezione che non aveva ieri. Ogni numero adesso ha una qualità che prima non vedevo. Il quattro è il numero delle direzioni dello spazio che conosciamo. Ci sono altre direzioni. Le tavole le descrivono. Adesso le sento.","Four. The number has a perfection it did not have yesterday. Every number now has a quality I did not previously perceive. Four is the number of the directions of the space we know. There are other directions. The tablets describe them. Now I feel them.","Cuatro. El número tiene una perfección que no tenía ayer. Cada número ahora tiene una cualidad que antes no veía. El cuatro es el número de las direcciones del espacio que conocemos. Hay otras direcciones. Las tablas las describen. Ahora las siento."
LEVEL_6_8_DIARY,"Ho scritto all'Abate Corrado la lettera vera — quella che avrei dovuto scrivere mesi fa. Gli ho descritto le tavole, la voce, Ashan, la porta. Ho scritto undici pagine fitte. Poi le ho rilette. Poi le ho bruciate. Non perché fossero sbagliate. Perché non avrebbero cambiato niente.","I wrote to Abbot Corrado the true letter — the one I should have written months ago. I described the tablets, the voice, Ashan, the door. I wrote eleven dense pages. Then I reread them. Then I burned them. Not because they were wrong. Because they would have changed nothing.","Escribí al Abad Corrado la carta verdadera — la que debería haber escrito hace meses. Le describí las tablas, la voz, Ashan, la puerta. Escribí once páginas densas. Luego las releí. Luego las quemé. No porque estuvieran equivocadas. Porque no habrían cambiado nada."
LEVEL_6_9_DIARY,"Due tavole. Sono seduto sul pavimento dello scriptorium. Le candele sono accese. L'ordine è quasi completo e lo sento come si sente il peso di una pietra che sta per cadere — non il rumore della caduta, ma la tensione dell'ultimo momento prima. Sono pronto.","Two tablets. I am seated upon the floor of the scriptorium. The candles are lit. The order is nearly complete and I feel it as one feels the weight of a stone about to fall — not the sound of the fall, but the tension of the last moment before. I am ready.","Dos tablas. Estoy sentado en el suelo del scriptorium. Las velas están encendidas. El orden está casi completo y lo siento como se siente el peso de una piedra que está a punto de caer — no el sonido de la caída, sino la tensión del último momento antes. Estoy listo."
LEVEL_6_10_DIARY,"Ho dormito nel chiostro, stanotte. Sotto le stelle. Volevo ricordare com'è. Il cielo era pieno di stelle come sempre. Le stelle mi sembravano più vicine del solito — o forse ero io ad essere più vicino a qualcosa. Ho pensato alla mia famiglia, al villaggio dove sono nato. Erano ricordi buoni. Li ho tenuti con cura, come si tiene in mano qualcosa che si sta per posare.","I slept in the cloister last night. Beneath the stars. I wished to remember what it is like. The sky was full of stars as always. The stars seemed closer than usual — or perhaps it was I who was closer to something. I thought of my family, of the village where I was born. They were good memories. I held them carefully, as one holds in the hand something one is about to set down.","Dormí en el claustro anoche. Bajo las estrellas. Quería recordar cómo es. El cielo estaba lleno de estrellas como siempre. Las estrellas me parecían más cercanas de lo habitual — o quizás era yo quien estaba más cerca de algo. Pensé en mi familia, en el pueblo donde nací. Eran buenos recuerdos. Los sostuve con cuidado, como se sostiene en la mano algo que se está a punto de depositar."
LEVEL_6_11_DIARY,"L'ultima tavola è al suo posto. L'ordine è completo. Ashan è","The last tablet is in its place. The order is complete. Ashan is","La última tabla está en su lugar. El orden está completo. Ashan es"
DIARY_HEADER,"Dal Diario di Frate Sybelius","From the Diary of Brother Sybelius","Del Diario del Hermano Sybelius"
DIARY_TAP_TO_SKIP,"Tocca per continuare","Tap to continue","Toca para continuar"
DIARY_CONTINUE,Continua,Continue,Continuar
